text,label_id
severe chest pain and can't breathe,0
crushing chest pain spreading to my arm,0
sudden trouble breathing,0
heavy bleeding that won't stop,0
fainted and feeling very weak,0
sudden weakness on one side of my face,0
severe shortness of breath,0
unconscious and not responding,0
choking and can't breathe,0
"severe allergic reaction, throat swelling",0
coughing up blood,0
"sudden severe headache, worst of my life",0
chest tightness with cold sweat,0
just had a seizure,0
deep cut bleeding a lot,0
slurred speech and confusion,0
blue lips and gasping for air,0
"severe abdominal pain, can't move",0
high fever with a stiff neck,0
vomiting blood,0
sore throat for three days,1
persistent cough for a week,1
joint pain and stiffness,1
burning when I urinate,1
frequent heartburn after meals,1
fever that won't go away,1
ear pain and trouble hearing,1
swollen painful knee,1
recurring migraines,1
stomach pain for several days,1
rash that keeps spreading,1
dizzy on and off for days,1
painful swelling in my leg,1
ongoing back pain,1
blurry vision for a few days,1
frequent urination and thirst,1
yellowish skin and tiredness,1
toothache getting worse,1
wound looks infected,1
chronic constipation and discomfort,1
mild runny nose and slight cough,2
a few pimples on my face,2
small itchy skin patch,2
mild headache today,2
slight sore throat,2
minor cold symptoms,2
dry skin on my hands,2
small bruise on my arm,2
mild seasonal sneezing,2
tired after a long day,2
minor muscle soreness after exercise,2
occasional mild acne,2
light dandruff,2
small paper cut,2
mild stomach ache after eating,2
slight itchy eyes from dust,2
a small mouth ulcer,2
mild sunburn,2
chapped lips,2
minor bloating,2
